"","l","h","t"
"1",1.06328497751051,1.97887077799667,0.00499999999999901
"1",1.0245183459024,2.02887805801994,0.00499999999999901
"1",0.677382398878843,1.81468125396522,0.00499999999999901
"1",1.23804173040032,2.62359672009806,0.00499999999999901
"1",1.08387079497352,2.38092946399492,0.00600000000000023
"1",0.897524297166324,2.50022057930652,0.00600000000000023
"1",1.06094441714508,2.48962745001444,0.00600000000000023
"1",0.610947148184936,3.07497769959571,0.00500000000000256
"1",1.45947065933559,2.92550558054523,0.00499999999999901
"1",1.38786857771698,2.49571398962797,0.00499999999999901
"1",0.654412474525983,2.03014445039042,0.00500000000000256
"1",0.848805677481391,2.12172221752785,0.00499999999999901
"1",1.27294850739074,2.47200945367938,0.00499999999999901
"1",1.02455475673686,2.02473969600107,0.00499999999999901
"1",1.54466963170764,2.55531685053289,0.00600000000000023
"1",1.41370388498761,2.70882538182333,0.00600000000000023
"1",1.22625224136288,2.01709560267269,0.00600000000000023
"1",0.903745795107069,2.13835413821208,0.00799999999999912
"1",1.19690283420849,2.12600059380591,0.00500000000000256
"1",0.702434739967642,2.29359353064141,0.00600000000000023
"1",0.873966106004133,2.05096427794814,0.00600000000000023
"1",1.05933329430745,2.14631200368876,0.00700000000000145
"1",0.902625437260305,2.06425269060836,0.00799999999999912
"1",0.77242847100048,2.38079922119062,0.00499999999999901
"1",0.684748265158105,1.6436273208353,0.00600000000000023
"1",1.14151173049834,2.38152739876562,0.00499999999999901
"1",0.990909229664645,2.19191427289575,0.00600000000000023
"1",1.4738497383331,2.53535657099743,0.00600000000000023
"1",0.62863386373843,1.70829596289055,0.00499999999999901
"1",0.819537226695051,1.93049648585931,0.00600000000000023
"1",1.56616616593562,3.42919394342256,0.00600000000000023
"1",0.625110972627728,1.81302024698423,0.00600000000000023
"1",1.17866013258749,2.39308894496772,0.00600000000000023
"1",1.39205443179852,2.71483953775856,0.00599999999999667
"1",1.08644424055017,2.66089511928667,0.00499999999999901
"1",1.00488461333873,2.44095366401046,0.00599999999999667
"1",0.974395285868366,2.29162919860241,0.00600000000000023
"1",0.873607871665787,2.00474607351654,0.00600000000000023
"1",1.25884116493127,2.54697618003017,0.00799999999999912
"1",1.18283508563257,2.44697364861877,0.00600000000000023
"1",1.09825002385701,2.32007679602423,0.00499999999999901
"1",1.23376171616447,2.21640800635156,0.00499999999999901
"1",0.920978646643601,2.06867839862863,0.00600000000000023
"1",1.15109929158418,2.46601680235089,0.00600000000000023
"1",1.1016306440443,2.01965782203872,0.00600000000000023
"1",0.792944788392443,1.60787721247187,0.00499999999999901
"1",0.998425017563676,2.19830680954848,0.00600000000000023
"1",1.08951273365339,2.2156649796989,0.00500000000000256
"1",0.711248810720343,2.49177364441174,0.00600000000000023
"1",1.39759906743825,2.89296792433238,0.00600000000000023
"1",0.794076723371538,1.95705145703045,0.00600000000000023
"1",1.33968683254844,2.56855441728773,0.00600000000000023
"1",0.994779618923082,2.5214933886317,0.00500000000000256
"1",1.03466805768557,2.03137577916395,0.00499999999999901
"1",1.16469110967766,2.35743636593875,0.00500000000000256
"1",1.29123599101532,2.73669990179175,0.00799999999999912
"1",1.06291113245391,2.58906693020804,0.00600000000000023
"1",0.645658275173965,1.64580551242661,0.00500000000000256
"1",1.09667668183591,2.03452672306623,0.00499999999999901
"1",0.826469971900423,2.13920106684652,0.0109999999999992
"1",1.04040377197673,2.39937344791809,0.00499999999999901
"1",1.24430589672028,2.30050037150199,0.00599999999999667
"1",0.89454724179836,2.18752333234608,0.00499999999999901
"1",1.14949629145892,2.03488129057788,0.00499999999999901
"1",1.42858737100763,2.42558135871564,0.00600000000000023
"1",0.98037644486677,2.06104576885604,0.00500000000000256
"1",1.18852395863589,2.2265506333734,0.00900000000000034
"1",0.925835086177103,2.50170296098116,0.0069999999999979
"1",1.44438459902587,2.54873898745265,0.00799999999999912
"1",0.768637461838634,2.0195744839133,0.00500000000000256
"1",0.71501767204645,1.9983163875505,0.00600000000000023
"1",1.38419544062905,2.61564325828081,0.00499999999999901
"1",1.4109948563126,3.27504221525222,0.00700000000000145
"1",1.35338327535651,2.43767962372973,0.00499999999999901
"1",1.20314536401799,1.95785593579491,0.00900000000000034
"1",1.07307511373846,2.20432277887425,0.00899999999999856
"1",1.22646115897429,2.63340812539762,0.00500000000000078
"1",1.52522685733116,3.07901679904469,0.00599999999999845
"1",1.46501574008717,2.88105688345142,0.00500000000000078
"1",1.35777937008523,2.71127395470746,0.00499999999999901
"1",1.08205376045412,2.23636830607409,0.00599999999999845
"1",1.39103384857741,3.13219761090725,0.00600000000000023
"1",1.21462584603834,2.22532096273771,0.00500000000000078
"1",1.52784261724493,2.70248762725559,0.00499999999999901
"1",1.4528042745718,2.8300179408582,0.00600000000000023
"1",0.899916288885023,1.99153338201279,0.00500000000000078
"1",1.18413723606393,2.26782722989055,0.00499999999999901
"1",1.14651778206889,2.16783097264042,0.00500000000000078
"1",1.24039157322738,2.35243434127613,0.00500000000000078
"1",1.12568697790555,2.3551250747508,0.00600000000000023
"1",1.14355089744141,2.51617344804496,0.00600000000000023
"1",0.834370299528681,1.78070096036636,0.00600000000000023
"1",1.01330876292588,2.21833571872451,0.00599999999999845
"1",0.822766591077776,1.75213215007831,0.00600000000000023
"1",1.43007249094765,2.29822021775434,0.00499999999999901
"1",1.06935789308579,2.20131798889878,0.00600000000000023
"1",1.03890348900575,2.2925140926968,0.00499999999999901
"1",1.08232116666493,2.2085914434894,0.00699999999999967
"1",1.26311934287081,2.24333640317109,0.00599999999999845
"1",0.983946055219803,1.97664874655005,0.00600000000000023
"1",0.568421028435126,1.62008243141025,0.00600000000000023
"1",1.15431073080547,2.39799989062684,0.00600000000000023
"1",1.37476077556195,2.62536774044195,0.00600000000000023
"1",0.68573525321824,2.40291038107256,0.00600000000000023
"1",1.0282052422514,2.43844688911989,0.00599999999999845
"1",1.07975931694551,1.94911010362027,0.00500000000000078
"1",1.90885865311804,2.94871525251273,0.00599999999999845
"1",1.12672387237057,2.32822293803618,0.0080000000000009
"1",0.997991475575057,3.40098493894095,0.00600000000000023
"1",1.0968835711304,2.51793850129272,0.00600000000000023
"1",0.843471965351595,1.75584635228295,0.00500000000000078
"1",0.929197017893424,1.88559345897116,0.00600000000000023
"1",0.905979786602973,2.38835242611532,0.00499999999999901
"1",0.800834860350586,2.10912229292156,0.00500000000000256
"1",0.542663047254815,2.90019638490656,0.00799999999999912
"1",1.07617804454878,2.11095945764708,0.00600000000000023
"1",1.2964205234367,2.40826683427446,0.00500000000000256
"1",1.21364960860198,2.24627845653026,0.00499999999999901
"1",1.10240870617757,2.18810505599049,0.00600000000000023
"1",1.06242178595965,2.40105839945984,0.00499999999999901
"1",0.970329348321485,2.60411575970435,0.00799999999999912
"1",0.991747302163723,2.29806973874609,0.00499999999999901
"1",0.842278499930055,2.73785187213096,0.00600000000000023
"1",0.732479647556598,1.49273710481099,0.00499999999999901
"1",1.02457729410819,1.84966073747806,0.00499999999999901
"1",1.6319516196517,2.54015455452523,0.00500000000000256
"1",0.904070673842019,2.4435091307513,0.00499999999999901
"1",0.740916964878439,2.59104517371889,0.00600000000000023
"1",0.606258628530923,1.5889708013809,0.0069999999999979
"1",0.827473144062606,1.8229766564077,0.00900000000000034
"1",0.915702123827965,2.13796527588097,0.00500000000000256
"1",0.745329336579895,2.26398476100711,0.00600000000000023
"1",1.00176189099258,2.21018966168395,0.00499999999999901
"1",1.155154732242,2.68647173731693,0.00500000000000256
"1",1.1774714296384,2.33268192323901,0.00499999999999901
"1",0.93846905205265,1.88915677318865,0.00499999999999901
"1",1.03255732641872,2.23396976775739,0.00400000000000134
"1",0.85774323803894,1.97684166095477,0.00499999999999901
"1",1.18082447217102,2.54912905314107,0.00500000000000256
"1",-1.34730890626453,5.67067020548022,0.00499999999999901
"1",1.18109513840575,2.39680998040072,0.00600000000000023
"1",1.02986731420127,2.57586184322163,0.00499999999999901
"1",0.735758419530993,1.8764599162008,0.00500000000000256
"1",0.708736705860834,1.78825161071154,0.00499999999999901
"1",1.41466740758426,2.37263811408626,0.00499999999999901
"1",0.948284169023354,1.94997146045877,0.00499999999999901
"1",0.854628878965964,1.82153050135872,0.00500000000000256
"1",0.958204227313121,2.23911147817905,0.00499999999999901
"1",0.875788646273872,2.46881396804265,0.00399999999999778
"1",1.08140848423669,2.11682013700212,0.00499999999999901
"1",0.874813945888059,1.74587459425265,0.00500000000000256
"1",0.837632566844726,1.87557313078562,0.00599999999999667
"1",1.40812951889085,2.55841157790645,0.00499999999999901
"1",0.97791975242392,2.37130271963664,0.00499999999999901
"1",1.27642268663563,2.36036725327358,0.00499999999999901
"1",0.970425479950314,2.14789088078138,0.00499999999999901
"1",0.915887453727842,2.11288824539467,0.00499999999999901
"1",1.27384340969853,2.18076663315819,0.00499999999999901
"1",0.794603763476795,1.86240711183834,0.00399999999999778
"1",0.822866353970074,2.38796901402831,0.00700000000000145
"1",0.706531044677394,1.81015368381242,0.00700000000000145
"1",0.819207777200603,2.0096431512987,0.00999999999999801
"1",1.16798291647749,2.51588454377291,0.00400000000000134
"1",1.02552244527179,2.22929514896589,0.00499999999999901
"1",1.49376842613287,2.85805034371133,0.00600000000000023
"1",1.23083734314404,2.36552054828052,0.00500000000000256
"1",0.78053313966299,2.01233775806296,0.00500000000000256
"1",0.748271667404442,2.2929429783513,0.00500000000000256
"1",0.732862134747578,2.42043263704197,0.00499999999999901
"1",1.07797704594046,2.5433770924095,0.00499999999999901
"1",0.59538826035457,2.33277687138495,0.00499999999999901
"1",1.33707827206844,2.76645986486082,0.00800000000000267
"1",1.41927153400636,2.42513402483234,0.00499999999999901
"1",1.06426034420705,2.60028226295953,0.00500000000000256
"1",0.980662078801027,1.74936292345274,0.00500000000000256
"1",1.37888725274886,2.51795406519893,0.00499999999999901
"1",1.15037114144475,2.42380689094158,0.00500000000000256
"1",0.828540194887079,1.85000208693763,0.00499999999999901
"1",1.02562416424012,2.2457322785006,0.00500000000000256
"1",1.13619925349592,2.08227756176177,0.00500000000000256
"1",1.15705992756838,2.4754845132932,0.00499999999999901
"1",0.857296979688719,2.08148844187229,0.00500000000000256
"1",0.94165643816585,2.03700206999979,0.00499999999999901
"1",1.12778594857307,2.59706901762924,0.00499999999999901
"1",0.921888888839904,2.36298725431709,0.00499999999999901
"1",0.935290542045864,2.23956659276781,0.00600000000000023
"1",0.824222964217673,2.02129278764344,0.00600000000000023
"1",0.505963618881609,1.95639143835782,0.00499999999999901
"1",1.35468567646412,2.76474223749519,0.00500000000000256
"1",1.04791263539762,2.29529796338452,0.00500000000000256
"1",0.567369863420028,1.8117291975504,0.00499999999999901
"1",0.996654927247671,2.79170668219637,0.00600000000000023
"1",0.941826592080123,2.65211564075595,0.00499999999999901
"1",1.5240152156958,2.68463960051099,0.00500000000000256
"1",1.34311733450185,2.56650665876344,0.00499999999999901
"1",0.65519040305507,1.69189762689354,0.00499999999999901
"1",1.12806108862312,2.80843943004014,0.00499999999999901
"1",0.681383663420565,3.2321176235613,0.00499999999999901
"1",0.955202205927684,2.09957968824966,0.00499999999999901
"1",1.02089102520203,2.58571708665886,0.00499999999999901
"1",1.08797804384024,2.07984075074764,0.00500000000000256
"1",1.14885081714806,3.51508278646701,0.00700000000000145
"1",0.706217939175742,3.34275571616882,0.00600000000000023
"1",0.961826373604732,2.68920093820985,0.00400000000000134
"1",1.11536391821045,2.18704070948233,0.00499999999999901
"1",1.02164165847426,2.30505404465894,0.00499999999999901
"1",0.958065772281494,2.00334894533197,0.00799999999999912
"1",1.1679434170002,2.43986326921087,0.00499999999999901
"1",0.935663284079328,2.20873284044874,0.00499999999999901
"1",0.937317699208957,2.12670561175093,0.00499999999999901
"1",1.03144883718635,2.70112767141867,0.00499999999999901
"1",1.07235254409209,2.53813181025133,0.00499999999999901
"1",0.933774425026065,1.83873204421669,0.00399999999999778
"1",1.35475925037551,2.85604140815368,0.00499999999999901
"1",1.39647497177878,3.08013298495951,0.00500000000000256
"1",0.868346750691788,2.17347977488143,0.00499999999999901
"1",1.18268040869301,2.52938827703863,0.00499999999999901
"1",1.1072063982788,2.3851373532495,0.00499999999999901
"1",0.735445332322264,2.21422477523122,0.00499999999999901
"1",0.674484244748969,1.97796425504584,0.00499999999999901
"1",1.12133221575324,2.37636835115606,0.00499999999999901
"1",1.35382360288398,2.82386871846671,0.00499999999999901
"1",1.58396230624648,2.85385416714412,0.00600000000000023
"1",1.1118998873633,2.50192998431738,0.00499999999999901
"1",0.990394065921338,2.44935633909128,0.00499999999999901
"1",1.44230959510026,2.65358276955681,0.00499999999999901
"1",1.07594442739729,2.27987243573453,0.00499999999999901
"1",1.35939459036074,2.79938423001695,0.00499999999999901
"1",1.62063625320373,2.73183408269198,0.00499999999999901
"1",1.31617974120255,2.26132305468738,0.00499999999999901
"1",0.778657489201742,1.94357773313879,0.00600000000000023
"1",1.74799041213055,3.04371853289956,0.00499999999999901
"1",1.08626582857485,1.90034223586219,0.00499999999999901
"1",0.744148907306825,2.49320350829822,0.00500000000000256
"1",1.02114500411033,2.58726520184141,0.00500000000000256
"1",1.75322042204009,2.36263460821904,0.00399999999999778
"1",0.795288562410701,2.38277113855905,0.00499999999999901
"1",1.30385441066934,2.52538322891056,0.00499999999999901
"1",1.41285370965218,2.28661544018139,0.00600000000000023
"1",1.1816808793552,2.16214090024102,0.00499999999999901
"1",0.661359591378438,3.09935962157968,0.00499999999999901
"1",0.786023978987694,1.83303737217871,0.00499999999999901
"1",1.18300633391669,2.2594488467433,0.00499999999999901
"1",1.18560059571038,2.24910577345593,0.00399999999999778
"1",1.0426456881901,2.33462682459915,0.00399999999999778
"1",0.533313267326166,1.5003000822849,0.00400000000000134
"1",1.16251550463532,2.36808968987519,0.00400000000000134
"1",1.43510590287577,2.32809380797858,0.00499999999999901
"1",1.26883190095722,2.42849948441139,0.00499999999999901
"1",1.17248593433973,2.27143873445667,0.00499999999999901
"1",0.83303454036389,2.48869258745797,0.00499999999999901
"1",1.38653546289797,3.26082320660142,0.00499999999999901
"1",1.21752820841956,2.46530771329168,0.00499999999999901
"1",1.33675180778949,2.80511883719841,0.00400000000000134
"1",0.727506970623018,1.79930304531355,0.00499999999999901
"1",1.00014284972496,2.49262600192188,0.00400000000000134
"1",1.0124254974788,2.0399576671164,0.00499999999999901
"1",0.746727212888543,2.05777015464872,0.00399999999999778
"1",0.940320592254586,1.93944096794947,0.00399999999999778
"1",1.40959462368714,3.37716276388657,0.00499999999999901
"1",1.35527983305543,2.56350025277988,0.00400000000000134
"1",1.29877729887415,2.70749255347869,0.00499999999999901
"1",1.10259674049032,2.18815690319357,0.00499999999999901
"1",1.10660413314759,2.81993598865142,0.00499999999999901
"1",0.582682989896766,2.57564519053199,0.00499999999999901
"1",1.2908018543188,2.79245482929901,0.00500000000000256
"1",0.874393913036412,2.04874725490918,0.00500000000000256
"1",1.13478882975377,2.20264475711949,0.00499999999999901
"1",0.824164054263091,2.70124443180273,0.00499999999999901
"1",0.795719500155866,2.39690206501159,0.00499999999999901
"1",0.968566980104068,2.59350820843752,0.00499999999999901
"1",1.00642101297265,2.6227284561658,0.00499999999999901
"1",0.900040496269778,1.92572402110621,0.00499999999999901
"1",0.734754952188115,2.45192304833407,0.00500000000000256
"1",1.13615597726329,1.95630111823485,0.00499999999999901
"1",0.694538462226854,2.39674935830865,0.00500000000000256
"1",1.06720135266399,2.42992844016223,0.00499999999999901
"1",1.05996385334445,2.3907527856786,0.00499999999999901
"1",1.01837379203901,1.70352693921918,0.00400000000000134
"1",0.980191943829476,2.02483884785102,0.00400000000000134
"1",1.02340144395409,2.28249362052323,0.00499999999999901
"1",1.14412897772224,2.58846025343984,0.00499999999999901
"1",1.20890898658556,2.13799998610376,0.00499999999999901
"1",1.00301204122639,1.98641860217861,0.00499999999999901
"1",1.1507367103055,2.14898879459685,0.00499999999999901
"1",1.00628500549636,2.49785829758752,0.00499999999999901
"1",1.09206379534376,2.29386465018878,0.00600000000000023
"1",0.63152900792302,1.94947602879196,0.00499999999999901
"1",0.690455492603948,1.75509698752214,0.00500000000000256
"1",0.370585643180184,2.88159403132809,0.00500000000000256
"1",1.1566788692472,2.18339209046281,0.00499999999999901
"1",0.893109283216048,2.56292203501399,0.00500000000000256
"1",0.582987204453123,1.57058881567801,0.00499999999999901
"1",1.14002513570751,2.22405979364595,0.00500000000000256
"1",0.823035842146935,2.96082127891597,0.00499999999999901
"1",1.15089816710226,2.32063792435854,0.0069999999999979
"1",1.26221004387475,2.45591586990344,0.00499999999999901
"1",0.877643368051209,3.1237107954738,0.00500000000000256
"1",0.863248252876507,1.97553691780924,0.00500000000000256
"1",0.794665625787151,1.96453175871236,0.00600000000000023
"1",0.614220014255818,1.94084030197347,0.00500000000000256
"1",1.25558000483684,3.25831073025876,0.00500000000000256
"1",1.1811265369441,2.99790220734428,0.00499999999999901
"1",0.989212157339797,2.18039746376748,0.00500000000000256
"1",0.962649295146839,2.25314545893812,0.00499999999999901
"1",1.15607787555651,2.61183727148884,0.00500000000000256
"1",1.05561855945844,2.5585471499168,0.00500000000000256
"1",1.21103110570455,3.28489319849295,0.00499999999999901
"1",0.886722539668364,2.36896437114773,0.00500000000000256
"1",1.13879403789287,2.22495509292559,0.00499999999999901
"1",1.17435341113497,2.18417158395848,0.00400000000000134
"1",0.920432965629653,1.73727584949012,0.00400000000000134
"1",1.29253427855573,2.76769153754016,0.00499999999999901
"1",1.70353537857848,3.24055158570608,0.00500000000000256
"1",0.250720123038119,2.70386083950441,0.00499999999999901
"1",0.978830001994719,2.28090448478466,0.00500000000000256
"1",1.1472107484961,2.92289467024871,0.00499999999999901
"1",1.24378691955451,2.76537310498758,0.00500000000000256
"1",1.30910856864815,2.39135387637129,0.0069999999999979
"1",1.03709778724403,2.12713511614573,0.00499999999999901
"1",1.11066376215458,2.87826687444067,0.00400000000000134
"1",1.59933529237021,3.54670791532175,0.00800000000000267
"1",1.1291512113643,1.93026891467167,0.00499999999999901
"1",0.915234050058871,2.57669959539321,0.00499999999999901
"1",1.13452871252311,2.37149363299224,0.00400000000000134
"1",0.977500599605153,2.10802231042466,0.00499999999999901
"1",-1.07375333008279,5.90748575384589,0.00499999999999901
"1",1.06836840753247,2.1313746341538,0.00400000000000134
"1",1.21018218546004,2.17620880588203,0.00400000000000134
"1",1.66799504100423,2.82969940026436,0.00499999999999901
"1",1.17989579078939,2.26094281453657,0.00700000000000145
"1",1.2121072470572,2.6422125024463,0.00499999999999901
"1",1.38518520426277,3.14942346518008,0.00600000000000023
"1",1.17570299494375,2.75812961575228,0.00500000000000256
"1",1.02400220544172,2.09879468339707,0.00500000000000256
"1",0.984587924650763,2.0817605996461,0.00499999999999901
"1",0.919145062182041,1.88251003589166,0.00600000000000023
"1",1.21476619994118,2.61374517942744,0.00499999999999901
"1",0.830923865870662,1.75202714463925,0.00500000000000256
"1",1.10475701274077,2.16202171096806,0.0069999999999979
"1",1.01558957853732,1.9418352689913,0.00600000000000023
"1",0.940206115185532,2.48029993543817,0.0069999999999979
"1",0.891785979724875,1.79313880038094,0.00499999999999901
"1",0.925223844721929,1.79542502238107,0.00600000000000023
"1",0.982070606361606,1.68893030448839,0.00499999999999901
"1",0.716313079157164,2.58318405585016,0.00399999999999778
"1",0.669659003101802,2.51515145788964,0.00500000000000256
"1",1.25832574625168,2.25615059225568,0.00500000000000256
"1",0.993420069490357,2.23147046202974,0.00499999999999901
"1",1.09441898746801,2.31455836604641,0.00499999999999901
"1",1.17855897186481,2.10952228015992,0.00499999999999901
"1",1.12411321641021,2.3163619109632,0.00500000000000256
"1",0.836726838870424,2.42266095037423,0.00499999999999901
"1",1.3983639394816,2.7701670134522,0.00499999999999901
"1",1.0113561210804,2.03290291867833,0.00499999999999901
"1",1.03969698689563,1.9617876425549,0.00399999999999778
"1",0.805471282306651,2.63284678865777,0.00600000000000023
"1",1.19142227796359,2.25026006091518,0.00500000000000256
"1",0.971802685550912,2.4050754633628,0.00499999999999901
"1",1.01745866628214,2.10078485931377,0.00400000000000134
"1",1.07306409783909,2.26832095441608,0.00400000000000134
"1",0.80740647656062,2.03179867253927,0.00499999999999901
"1",1.05674867218532,2.55864711916712,0.00600000000000023
"1",0.768595475335012,3.01356226240709,0.00600000000000023
"1",0.880157771763184,2.27207052258337,0.00499999999999901
"1",1.02073211035657,2.23661801521068,0.00500000000000256
"1",1.23493914826184,2.18229708004318,0.00499999999999901
"1",1.41924686015883,2.30860387519261,0.00700000000000145
"1",0.795243586489721,2.28512793424825,0.00499999999999901
"1",1.31442338708936,3.1498810489605,0.00600000000000023
"1",1.40429964891903,2.44102179513613,0.00500000000000256
"1",1.34311317675077,2.28182981522819,0.00499999999999901
"1",1.03829480099967,1.99206531394131,0.00499999999999901
"1",1.20691517234566,2.52785575108668,0.00499999999999901
"1",1.60916903923386,3.06806772633757,0.00400000000000134
"1",1.32647071422349,2.51539967035364,0.00600000000000023
"1",0.829163111697803,2.03440963319648,0.00799999999999912
"1",1.48679915257085,2.55014704530464,0.00499999999999901
"1",0.960423018199111,2.21000932151607,0.00499999999999901
"1",0.90180713379475,1.73646513657655,0.00499999999999901
"1",1.06281159473347,2.11502725468301,0.00499999999999901
"1",0.770963822995129,3.10087920742274,0.00499999999999901
"1",0.869999856060613,1.80453274221233,0.00500000000000256
"1",0.881413786393587,2.03034791005722,0.00600000000000023
"1",1.01054204856685,1.90625354630829,0.00499999999999901
"1",1.21764435899408,2.01210168012449,0.00500000000000256
"1",1.1828352127927,2.51688024503079,0.00500000000000256
"1",1.15014856155783,3.0620747688165,0.00499999999999901
"1",1.0503502061301,2.15970573254426,0.00500000000000256
"1",0.903256033859803,2.44538706621439,0.00499999999999901
"1",0.977692604933275,2.08729312066227,0.00499999999999901
"1",0.731503921960915,1.9818632593635,0.00500000000000256
"1",1.41972468632061,2.95802774248846,0.00499999999999901
"1",1.20589957523118,2.29860704424951,0.00499999999999901
"1",1.18389710504707,2.87865993992485,0.00499999999999901
"1",1.00316289251089,2.2709631868303,0.00499999999999901
"1",0.992060820484783,2.37439344615635,0.00700000000000145
"1",1.16740243829028,2.72151247700798,0.00499999999999901
"1",1.36473304984704,2.36622062369157,0.00499999999999901
"1",1.10287601020237,2.35073650824049,0.00500000000000256
"1",1.09288595106921,2.07217084847628,0.00800000000000267
"1",0.95943536836575,2.63740906447258,0.00499999999999901
"1",1.34407732675374,2.75648351020877,0.00499999999999901
"1",0.919623416512743,2.25918519375756,0.00499999999999901
"1",0.940405514805184,2.27349680868075,0.00500000000000256
"1",1.0235036107268,2.26706112716113,0.00499999999999901
"1",1.09909590194943,2.3527537596356,0.00499999999999901
"1",0.92687025402356,1.90338162417515,0.00499999999999901
"1",0.696336607621261,2.55209703957097,0.00499999999999901
"1",0.940520307157806,2.03322706668734,0.00499999999999901
"1",0.886201247556992,1.78048743552358,0.00600000000000023
"1",0.950560245747276,2.08755795376632,0.00499999999999901
"1",0.852797739252141,2.31202441684979,0.00499999999999901
"1",1.1455212319207,2.50815925315059,0.00499999999999901
"1",0.830389639617751,1.97833213981997,0.00499999999999901
"1",1.10549180603986,2.00634084657993,0.00499999999999901
"1",1.13949772079088,2.70367428064984,0.00500000000000256
"1",0.876257365717002,1.70665858617592,0.00499999999999901
"1",0.880396302375167,2.23311184828272,0.00499999999999901
"1",0.848769519992448,2.43774479041238,0.00399999999999778
"1",1.07184531520718,1.98356350896721,0.00400000000000134
"1",1.05651576526632,2.2635530457548,0.00499999999999901
"1",0.858408041045226,1.80666059573654,0.00600000000000023
"1",0.774033161177053,1.95341261629308,0.00499999999999901
"1",1.5545705008722,2.39814058443713,0.00499999999999901
"1",1.42436631402227,2.45585409857114,0.00499999999999901
"1",0.955125891063713,2.24365181473983,0.00499999999999901
"1",1.27324161938618,2.77685321578081,0.00399999999999778
"1",0.833239640080718,1.86160665493743,0.00499999999999901
"1",1.4281423410384,2.3611279788821,0.00700000000000145
"1",1.22842169581984,2.34360948847454,0.00500000000000256
"1",0.908837878687267,2.31510388682545,0.00499999999999901
"1",0.905504728096165,2.52005245458901,0.00500000000000256
"1",1.5906388620442,2.62728494671171,0.00499999999999901
"1",0.689355279512638,1.7771254133888,0.00499999999999901
"1",0.768037174738982,1.94691832163204,0.00399999999999778
"1",1.17853371994978,2.98866693235871,0.00600000000000023
"1",1.11790256055253,2.06212077799359,0.00400000000000134
"1",0.981541984673054,2.10029788443642,0.00499999999999901
"1",1.24378225506746,2.14368777103658,0.00499999999999901
"1",1.06537284075803,2.10217691177562,0.00499999999999901
"1",1.01714557975525,2.25262501250996,0.00499999999999901
"1",1.11602350921619,1.95955303281556,0.00499999999999901
"1",0.279477836568228,2.624471434091,0.00499999999999901
"1",0.80050314942616,2.39607653774532,0.00500000000000256
"1",1.03500648448843,1.76131505637297,0.00500000000000256
"1",1.30136685979417,2.34048256273108,0.00500000000000256
"1",1.19387115301253,2.68222748159639,0.00499999999999901
"1",0.878177425938835,2.48641350580037,0.00500000000000256
"1",0.915089001818982,2.1558794873183,0.00499999999999901
"1",1.29539575342388,2.78184482311605,0.00499999999999901
"1",1.17441450113802,2.39896015360514,0.00500000000000256
"1",0.960366446560321,2.17151673240219,0.00399999999999778
"1",0.947714363564155,2.17821458695249,0.00499999999999901
"1",1.22311787054321,2.26301140617714,0.00400000000000134
"1",1.45840036514858,2.2423323147635,0.00400000000000134
"1",1.1047725603761,2.34458394479572,0.0069999999999979
"1",0.96446952124587,2.55704198750055,0.00499999999999901
"1",0.490545029790799,2.58606442005628,0.00500000000000256
"1",0.831476256302774,2.98198594844271,0.00500000000000256
"1",1.09547651727613,2.18189485413271,0.00500000000000256
"1",1.32147820836235,2.43899967842895,0.00499999999999901
"1",1.27579407175179,2.52222348900294,0.00499999999999901
"1",1.39520209092527,2.36991767758364,0.00500000000000256
"1",1.65696654438092,2.85891308282422,0.00500000000000256
"1",0.958375250486556,2.08137566536664,0.00499999999999901
"1",1.05828793055381,2.61152906253726,0.00500000000000256
"1",0.96102062755832,2.93098469491222,0.00499999999999901
"1",0.698623741435642,2.41090501678415,0.00500000000000256
"1",0.973789134870634,1.99668188772598,0.00600000000000023
"1",0.653897473289318,1.72470736328075,0.00499999999999901
"1",1.05392665980568,2.08330807402457,0.00600000000000023
"1",1.24866425627418,2.47226090379491,0.00499999999999901
"1",1.0859256323792,2.73131076822653,0.00499999999999901
"1",1.20682018451928,2.32868686166108,0.00500000000000256
"1",0.840724498156935,1.93115843538837,0.00400000000000134
"1",1.02689299968362,2.4696681502187,0.00499999999999901
"1",1.04341807944597,2.45672602921766,0.00499999999999901
"1",1.11963778748186,2.73670852203672,0.00499999999999901
"1",1.32008830422208,2.82680748918144,0.00499999999999901
"1",0.991432992597816,2.08414462359299,0.00399999999999778
"1",0.977421391564904,1.98354979504766,0.00499999999999901
"1",1.17957646926465,2.12860076551499,0.00600000000000023
"1",1.13604978931385,2.37728840354692,0.00400000000000134
"1",1.30924779977084,2.71963071004782,0.00499999999999901
"1",0.846883034535438,2.14791348582418,0.00399999999999778
"1",0.758491263563224,1.78377510184966,0.00400000000000134
"1",1.06932972365515,2.19854377324995,0.00499999999999901
"1",1.04979599773112,2.4941704299835,0.00499999999999901
"1",1.13501846562964,2.35286390518091,0.00499999999999901
"1",0.319607977391368,3.20215776757729,0.00500000000000256
"1",1.35018206196402,2.34036214509499,0.00499999999999901
"1",1.07741802649919,2.63333442009733,0.00499999999999901
"1",1.33719260439033,2.64338396938322,0.00499999999999901
"1",0.833116928828083,2.13513226345583,0.00399999999999778
"1",1.08636135418005,2.21614337696962,0.00499999999999901
"1",0.858759425665929,2.90550947335148,0.00600000000000023
"1",0.89148943915109,2.3078422757275,0.00499999999999901
"1",1.21634812065561,2.94167422816899,0.00499999999999901
"1",0.85301587702275,1.99086182574687,0.00500000000000256
"1",0.799453156426711,2.60953337668076,0.00500000000000256
"1",0.988821082911129,2.05833951679464,0.00499999999999901
"1",0.530584983648503,2.28796318368052,0.00499999999999901
"1",1.31788990413514,2.62828744596131,0.00499999999999901
"1",0.99599364785037,2.29715756730318,0.00500000000000256
"1",1.06796732620381,3.11433061970887,0.00499999999999901
"1",0.874261751294527,1.83803095605749,0.0069999999999979
"1",1.12756732691815,2.35201673784924,0.00499999999999901
"1",0.999244737000086,2.01077616098738,0.00499999999999901
"1",1.03957582121817,2.53625261837586,0.00500000000000256
"1",1.13236888879499,2.72451319561992,0.00799999999999912
"1",0.789825881807617,1.68951509427157,0.00499999999999901
"1",1.20320630070794,2.15489436259348,0.00500000000000256
"1",0.884072808249955,2.08282026312572,0.00400000000000134
"1",1.14654871474016,2.55947002862432,0.00499999999999901
"1",1.58799547601428,3.3699695724959,0.00499999999999901
"1",0.843138982730849,1.95524747853214,0.00499999999999901
"1",1.40745445078189,2.92524019186291,0.00499999999999901
"1",0.433790226293602,1.24998563697223,0.00400000000000134
"1",0.322274918779822,3.05243143338616,0.00400000000000134
"1",1.37146687718653,3.97120777428324,0.00500000000000256
"1",0.758131451721368,1.73838185657372,0.00600000000000023
"1",1.08980465500078,1.96717277948709,0.0069999999999979
"1",0.6930747816115,2.502541733382,0.00499999999999901
"1",1.00156682315641,1.97062059181042,0.00499999999999901
"1",1.0959117099869,2.23117677687347,0.00500000000000256
"1",0.778446463810546,1.74993737483824,0.00499999999999901
"1",1.01089128028239,2.91514375967244,0.00700000000000145
"1",1.42151890199582,2.85578943321405,0.00399999999999778
"1",0.722766969081875,1.89141787425184,0.00499999999999901
"1",1.12739239647772,2.06605624956309,0.00499999999999901
"1",0.622167447063203,1.51870797633075,0.00500000000000256
"1",1.32332233441514,2.60833618146637,0.00500000000000256
"1",1.10079603275008,2.60734727253024,0.00500000000000256
"1",0.392934435201608,2.87725549924303,0.00500000000000256
"1",0.673436841232602,1.87559077689792,0.00600000000000023
"1",1.3459230010676,2.44297898029809,0.00499999999999901
"1",0.861950231494034,1.84020905979518,0.00499999999999901
"1",1.37598179164938,2.3428326792914,0.00499999999999901
"1",0.555534524280167,1.46596949043788,0.00499999999999901
"1",1.10915646262194,2.05130063559277,0.00499999999999901
"1",0.758257097333594,2.76668354092154,0.00399999999999778
"1",1.19195895402976,2.74539670438558,0.00499999999999901
"1",0.609353202371833,2.1982398417162,0.0069999999999979
"1",0.98893154196821,2.37436128114272,0.00500000000000256
"1",1.09665227590356,2.0709498445588,0.00600000000000023
"1",1.22534634042116,2.27822534517287,0.00499999999999901
"1",2.37288255071906,4.08602041238429,0.00499999999999901
"1",1.15836103629956,2.3876162007229,0.00499999999999901
"1",1.43224259616681,2.83577699674188,0.00499999999999901
"1",0.820075713410824,2.08274911387116,0.00499999999999901
"1",0.826628014594328,2.12899819709907,0.00499999999999901
"1",0.939487152697965,2.41245850710987,0.00700000000000145
"1",0.919148893248714,2.38703873033132,0.00499999999999901
"1",1.09430286837889,2.30623911019905,0.00499999999999901
"1",0.653599883747697,1.70008092352511,0.00499999999999901
"1",1.43327259679953,2.44930008333179,0.00499999999999901
"1",0.926122372524282,2.02655450019326,0.00499999999999901
"1",1.33971668156102,2.70892198570819,0.00499999999999901
"1",1.03972846959848,2.14404550650755,0.00500000000000256
"1",0.975337935099425,2.09322360170808,0.00499999999999901
"1",0.780876147745031,1.90391901313649,0.00500000000000256
"1",1.25262900509405,2.4306953391504,0.00499999999999901
"1",1.06063511330388,3.90043147717681,0.00499999999999901
"1",1.45543581266576,2.75971491681644,0.00500000000000256
"1",1.64281009288676,4.04424498997935,0.00499999999999901
"1",1.29374820123636,2.46181830556294,0.00499999999999901
"1",1.45573896683717,3.18067498742987,0.00499999999999901
"1",1.29484494764296,2.26747099184629,0.00400000000000134
"1",1.19711551332618,2.31519295743503,0.00499999999999901
"1",1.29532611370256,2.45080394498246,0.00399999999999778
"1",1.710918512986,3.96878832050633,0.00600000000000023
"1",1.36362079636333,2.32818528356541,0.00499999999999901
"1",1.16916855089964,2.46912433770422,0.00500000000000256
"1",1.19761989871884,2.33886652278189,0.00499999999999901
"1",0.966227287350125,1.89666744858798,0.00499999999999901
"1",0.69234774671676,2.61650802571208,0.00700000000000145
"1",1.21779930012013,2.42732772357565,0.00600000000000023
"1",-0.753550377356672,4.86541456168682,0.00499999999999901
"1",1.077892880615,3.49786341755194,0.00499999999999901
"1",0.630771455175839,1.64644536559126,0.00400000000000134
"1",0.667363969555428,1.72854045605587,0.00500000000000256
"1",1.16045153593621,2.29367260321324,0.00499999999999901
"1",0.93380879616187,2.41057989294218,0.00499999999999901
"1",1.40485517002067,2.7929409013829,0.00400000000000134
"1",1.1141961692307,2.62167411632453,0.00499999999999901
"1",1.05836593364788,1.99865403278949,0.00500000000000256
"1",1.32513135627796,2.24402605934833,0.00400000000000134
"1",1.3611962444133,2.40615137181199,0.00399999999999778
"1",0.435529544789018,3.17747742965353,0.00499999999999901
"1",0.841736520919509,3.32406687826192,0.00499999999999901
"1",1.20321452634475,2.32904538826915,0.00499999999999901
"1",1.14654001263947,2.19427363413488,0.00500000000000256
"1",1.38781728659158,2.62693276054386,0.00600000000000023
"1",1.15930189930443,2.38227739414974,0.00500000000000256
"1",0.908891922808452,1.850350961212,0.00399999999999778
"1",1.34574221189023,2.47007231687715,0.00499999999999901
"1",1.46710817854034,2.51901461464118,0.00500000000000256
"1",0.835116345535935,1.89681037733407,0.00500000000000256
"1",0.922220702409231,1.89262422220042,0.00499999999999901
"1",1.1799242780281,2.16086544236442,0.00500000000000256
"1",1.20242886116565,2.14231488057244,0.00499999999999901
"1",1.15357894707149,2.27830788991809,0.00499999999999901
"1",1.22295347284158,2.33242314650019,0.0069999999999979
"1",1.41054233570049,2.37782617559803,0.00400000000000134
"1",0.709508570832474,1.79115591634466,0.00400000000000134
"1",0.250004115724134,3.24665405254131,0.00499999999999901
"1",1.06298356903607,2.09970569227156,0.00400000000000134
"1",1.79841554948045,3.35762143487978,0.00500000000000256
"1",0.826250265818098,1.71087474994845,0.00499999999999901
"1",1.07730499496279,2.09355032724719,0.00499999999999901
"1",1.12409581941123,2.20793090610633,0.00500000000000256
"1",1.47342386071583,2.67361179971994,0.00499999999999901
"1",0.910781578193164,2.25694080951724,0.00600000000000023
"1",0.929708896694516,2.23255891949729,0.00499999999999901
"1",0.758415332855147,1.65635225593684,0.00499999999999901
"1",1.1647606693256,2.50059162290188,0.00499999999999901
"1",1.12619142693283,3.17103776067989,0.00499999999999901
"1",1.0090292068464,2.0255249804342,0.00499999999999901
"1",1.02476185420063,2.22022736350611,0.00500000000000256
"1",0.730892691889522,2.12876997762934,0.00499999999999901
"1",1.09694534677602,1.99779784918453,0.00499999999999901
"1",0.738111301949395,3.0394279559553,0.00499999999999901
"1",0.913567039444372,2.09325792028684,0.00400000000000134
"1",0.965576040492483,2.22530820809412,0.00400000000000134
"1",1.08927820278233,2.29602278017675,0.00600000000000023
"1",1.05355127758258,2.34610434518098,0.00399999999999778
"1",1.06802546337547,2.9541690807749,0.00400000000000134
"1",0.793437786943126,2.20132536501512,0.00499999999999901
"1",1.14617252389414,2.3529813904498,0.00499999999999901
"1",1.35763886975271,2.81251558648653,0.00400000000000134
"1",0.488328873032243,1.61096822924468,0.00499999999999901
"1",1.07345228247869,3.28802609751403,0.00499999999999901
"1",0.700360659060935,2.13145325925173,0.00500000000000256
"1",1.06140912231329,2.51550844334864,0.00500000000000256
"1",1.79059399893169,2.79806929259548,0.00700000000000145
"1",1.06815435456339,2.10662261497556,0.00499999999999901
"1",1.25473688942263,2.97810296144308,0.00500000000000256
"1",1.33051849910245,2.69681824886294,0.00499999999999901
"1",0.56463418868196,2.51648162337318,0.00499999999999901
"1",1.07243070184161,2.13387470323048,0.00400000000000134
"1",1.13336675264896,2.26710778946381,0.00600000000000023
"1",0.350927361128056,2.52968792753053,0.00500000000000256
"1",1.21971048974132,2.1741394638997,0.00500000000000256
"1",1.32319130821638,2.2037909055499,0.00499999999999901
"1",0.954914514859612,1.87471652875333,0.00500000000000256
"1",1.10264219894689,1.7116210358493,0.00500000000000256
"1",1.18764475517835,2.24520392157716,0.00499999999999901
"1",1.17178876187467,2.55746965539523,0.00500000000000256
"1",0.971600653795379,1.80747977593935,0.00499999999999901
"1",1.0861839580156,2.05260566115402,0.00499999999999901
"1",0.656453934456413,1.8750593973276,0.00499999999999901
"1",1.20999494095546,3.30497387512189,0.00499999999999901
"1",0.814168864753582,1.90416480828095,0.00499999999999901
"1",1.22424006503332,2.07844946647844,0.00400000000000134
"1",0.756009317912112,2.0469639831727,0.00500000000000256
"1",0.8822736937988,1.78789970917676,0.00500000000000256
"1",1.20231199114365,2.28929617382102,0.00499999999999901
"1",1.47355965523388,2.6817883098024,0.00500000000000256
"1",0.491387481141811,1.25091107022112,0.00500000000000256
"1",0.707498454606374,1.78846310720167,0.00499999999999901
"1",0.810774599106591,1.95544023663154,0.00399999999999778
"1",1.38578374837756,2.630796877657,0.00500000000000256
"1",0.968725064838663,2.28584599338885,0.00499999999999901
"1",1.29470745479404,2.39369149595924,0.00499999999999901
"1",0.915933383687108,2.12074097264933,0.00400000000000134
"1",1.17335027134863,2.57408479056706,0.00500000000000256
"1",0.614748043771787,2.34644468325194,0.00499999999999901
"1",0.857360639428967,1.97234195099355,0.00500000000000256
"1",1.235578088988,2.12964111942483,0.00400000000000134
"1",0.731990793106755,1.91955398274268,0.00799999999999912
"1",1.22875608030543,2.39858843091729,0.00400000000000134
"1",0.854727556284555,1.56598102394403,0.00500000000000256
"1",0.990251424694789,2.44892611776216,0.00499999999999901
"1",1.10986652768327,3.07140517200328,0.00400000000000134
"1",1.46146833624017,2.46164860938413,0.00499999999999901
"1",0.857007610951672,1.99430966138366,0.00499999999999901
"1",1.31075875321103,2.50107396087665,0.00499999999999901
"1",1.12449605257221,2.40433370488146,0.00499999999999901
"1",1.3967402481357,2.56228852428594,0.00400000000000134
"1",0.215815799036422,2.96203533715672,0.00700000000000145
"1",0.726959795652632,1.67105476308149,0.00499999999999901
"1",0.944156973900547,2.36125495530143,0.0069999999999979
"1",0.766645065213633,2.5416278722015,0.00499999999999901
"1",1.23998919009969,2.55349132161247,0.00499999999999901
"1",1.40081210665791,2.72492082936661,0.00499999999999901
"1",1.17645318450461,2.13000561990957,0.00399999999999778
"1",1.12265581443673,2.10036544574417,0.00499999999999901
"1",0.866658613160168,1.86252777408731,0.00500000000000256
"1",1.19348268239944,2.28469389633874,0.00499999999999901
"1",0.997717040364074,2.92782772951497,0.00499999999999901
"1",0.513243561956859,4.53031256004699,0.00399999999999778
"1",0.896197270317966,1.55262749496567,0.00499999999999901
"1",0.989830107028001,2.24353526681391,0.00500000000000256
"1",1.30645426493715,2.50349952566183,0.00500000000000256
"1",0.792603903891027,2.1848511546049,0.00600000000000023
"1",1.33664576731149,2.20115921608622,0.00499999999999901
"1",0.912300315581964,1.60468910683878,0.00499999999999901
"1",1.44498089441135,2.74067734444927,0.00500000000000256
"1",0.916573117668218,1.89460295536515,0.00499999999999901
"1",0.99268120604336,2.13351646295331,0.00399999999999778
"1",1.1794800196868,2.12916750948808,0.00500000000000256
"1",1.31024138927499,2.51395517126096,0.00499999999999901
"1",1.04869614117604,2.11129055352875,0.00499999999999901
"1",0.732734083128841,1.99086602103801,0.00499999999999901
"1",0.739374617968654,1.37582904900353,0.00400000000000134
"1",1.14979204918128,2.73847754086901,0.00499999999999901
"1",1.16422661161553,2.64194281955224,0.00400000000000134
"1",1.71296607553092,3.29965419567489,0.00500000000000256
"1",0.800675270723324,1.79279295731546,0.00999999999999801
"1",0.746403448342904,1.77577164608246,0.00499999999999901
"1",1.28186834302893,2.24932281220843,0.00400000000000134
"1",1.16265997869985,2.15675042841827,0.00499999999999901
"1",1.55367638587731,3.08625313969417,0.00700000000000145
"1",0.932079360731738,2.15943397450158,0.00500000000000256
"1",1.10286411304437,2.69613625938584,0.00500000000000256
"1",1.11858478340354,2.20330444984434,0.00400000000000134
"1",1.27658124772373,2.83457760905467,0.00399999999999778
"1",0.932072447183573,2.07401111468388,0.00499999999999901
"1",0.651746204788795,2.16862168632808,0.00500000000000256
"1",1.39593355876887,2.98706566391659,0.00499999999999901
"1",1.17286626310893,2.31227622497001,0.00400000000000134
"1",0.844194098374189,1.80557452840626,0.00399999999999778
"1",1.35745694108038,3.15291213732542,0.00500000000000256
"1",1.25657055243099,2.84178884183355,0.0069999999999979
"1",0.606175064697691,1.77231102796423,0.00400000000000134
"1",0.964448219092863,2.10372907768506,0.00500000000000256
"1",1.06427261614971,2.3075761369012,0.00400000000000134
"1",1.44528124158416,2.88942920926853,0.00500000000000256
"1",0.910317720542951,2.09001527434038,0.00600000000000023
"1",0.879393666809355,2.44878879859396,0.00500000000000256
"1",1.03284703227844,2.21742434345447,0.00400000000000134
"1",0.676708598857469,2.02724594852012,0.00499999999999901
"1",0.821618655836558,1.77421500941714,0.00500000000000256
"1",1.1251644280944,2.39611257173655,0.00499999999999901
"1",1.2962629398637,2.3296396975243,0.00499999999999901
"1",1.32268770247799,2.51961953829159,0.00500000000000256
"1",1.01426535186606,2.29475416690198,0.00400000000000134
"1",1.17343241917175,2.13563877044804,0.00700000000000145
"1",1.22133865528008,2.90885444792643,0.00499999999999901
"1",0.977447685974548,2.0791105464742,0.00499999999999901
"1",1.66164619305452,2.6989058961792,0.00499999999999901
"1",1.08141958495241,1.81202834991533,0.00400000000000134
"1",0.979212441360493,2.07282767759967,0.00499999999999901
"1",0.815130547681317,2.24259824525164,0.0069999999999979
"1",-0.27789859645,3.01433887362433,0.00499999999999901
"1",1.17518211557395,2.18031425425786,0.00499999999999901
"1",0.750408665290857,2.16828216576358,0.00499999999999901
"1",1.02218799064028,2.50666226226335,0.00499999999999901
"1",0.920006033690836,2.10855134102311,0.00499999999999901
"1",0.646119214616105,1.62655937837374,0.00499999999999901
"1",1.03963216325892,1.94750409150013,0.00499999999999901
"1",1.08135130717086,2.24742866753454,0.00499999999999901
"1",1.15313481795911,2.36397788945275,0.00399999999999778
"1",1.00826475279571,2.14865528550356,0.00499999999999901
"1",0.989303318229724,2.45968759140183,0.00499999999999901
"1",0.705812985186365,1.83764013109332,0.00399999999999778
"1",1.20473652968423,2.20963205683591,0.00499999999999901
"1",0.303425666044973,3.03098672881482,0.00499999999999901
"1",0.452938315738186,1.47693837256461,0.00499999999999901
"1",1.29629158006412,2.08657190380299,0.00399999999999778
"1",0.588274330167917,1.86007693654618,0.00600000000000023
"1",1.36376325725578,2.30243935176776,0.00400000000000134
"1",0.661130860874399,2.22107814688914,0.00500000000000256
"1",0.873414993840142,2.34621012398503,0.00499999999999901
"1",1.25726311683177,2.40500418805058,0.00499999999999901
"1",0.870929096321078,2.06704263353078,0.00499999999999901
"1",1.40828948961686,2.79408425113378,0.00499999999999901
"1",1.04032575715603,2.08672741089648,0.00600000000000023
"1",0.77632663349646,2.18894533936164,0.00499999999999901
"1",1.10807763380171,2.47450111633892,0.00500000000000256
"1",1.05736674318813,2.30767430866412,0.00400000000000134
"1",0.545486035307977,2.16041194195474,0.00400000000000134
"1",0.617564958784422,1.93110392353817,0.00499999999999901
"1",1.15794215861982,2.11958201425832,0.00500000000000256
"1",1.04855800855401,2.76162560825304,0.00500000000000256
"1",1.20066565554764,2.30921449361322,0.00499999999999901
"1",1.09771531360623,2.08404403810071,0.00499999999999901
"1",1.20283066678579,3.55698914395132,0.00499999999999901
"1",1.3926320333795,2.34448822668551,0.00499999999999901
"1",1.02077869551143,2.22674009202651,0.00499999999999901
"1",1.47456651599145,3.02977455814296,0.00700000000000145
"1",1.40222711974538,2.55568626117771,0.00499999999999901
"1",0.797526698291746,2.51378912062583,0.00400000000000134
"1",0.719042741660585,2.09669346239986,0.00499999999999901
"1",0.617887185587348,1.46819185031752,0.00499999999999901
"1",1.00010951195062,1.95747884151881,0.00400000000000134
"1",1.18882418520415,2.01177164090278,0.00500000000000256
"1",0.970274618131075,1.91837660005586,0.00500000000000256
"1",1.05722337278349,2.29204298099204,0.00499999999999901
"1",1.04860293957348,2.3025690181467,0.00499999999999901
"1",1.01042495653265,2.12029569761698,0.00500000000000256
"1",1.05042875476596,2.16923354549568,0.00399999999999778
"1",1.61426603740147,3.08957788992951,0.00499999999999901
"1",0.853127270583121,2.11956021800757,0.00400000000000134
"1",0.99130672728968,2.80039211317874,0.00600000000000023
"1",1.0443449992814,2.52579212304499,0.00499999999999901
"1",0.51640852163939,2.75860178493408,0.00399999999999778
"1",1.03214936418819,2.15403712314275,0.00499999999999901
"1",0.695897991275607,2.23114929865669,0.00500000000000256
"1",1.76653395910496,2.76198974315333,0.00499999999999901
"1",1.11521966626175,2.26430185777527,0.00499999999999901
"1",1.01784275152835,2.13861038759244,0.00399999999999778
"1",0.746512341871702,1.89550089013209,0.00499999999999901
"1",1.39560323604124,2.92056706995482,0.00500000000000256
"1",1.01194918215215,2.0408935758934,0.00499999999999901
"1",0.952410562996547,1.77408899843174,0.00499999999999901
"1",0.855382198232759,1.98917828745631,0.00400000000000134
"1",0.989016686114858,2.18481179785538,0.00400000000000134
"1",1.42574497258049,2.33163364185888,0.00700000000000145
"1",1.174731483565,2.17828917999351,0.00499999999999901
"1",1.11090242573811,2.82537211453366,0.00500000000000256
"1",1.13884548987443,2.68691896281867,0.00500000000000256
"1",1.05545970747092,2.08528125421379,0.00499999999999901
"1",1.14255722622944,2.38750869144273,0.00499999999999901
"1",0.836936070892331,1.97134751345359,0.00499999999999901
"1",0.926607668888664,2.20368341786406,0.00400000000000134
"1",1.68144252645122,3.26785352068981,0.00499999999999901
"1",1.01860433290153,2.44994073555801,0.00499999999999901
"1",0.695325999920685,1.69695386246902,0.00500000000000256
"1",0.940585212582325,2.44988319525635,0.00499999999999901
"1",0.875807782204859,2.45463247203941,0.00600000000000023
"1",0.824947616511271,2.63379813547321,0.00499999999999901
"1",1.57380176550835,2.46521349882244,0.00499999999999901
"1",0.996491377038298,1.92775472533399,0.00499999999999901
"1",0.862200997505545,2.6541352578118,0.00499999999999901
"1",1.20673889948614,2.32435291491438,0.00400000000000134
"1",1.56505223120226,2.63878187536344,0.00499999999999901
"1",1.59164921001086,2.70357666301664,0.00500000000000256
"1",0.715510983259043,2.00388043866213,0.00499999999999901
"1",1.25038064904272,2.15953543551885,0.00499999999999901
"1",1.46791322912386,2.98231756428838,0.00700000000000145
"1",0.615656762541623,1.46849292927619,0.00499999999999901
"1",1.25299959552592,2.57150390321174,0.00500000000000256
"1",0.626693247361581,1.61873162683469,0.00800000000000267
"1",1.2862803292609,2.29531423474419,0.00399999999999778
"1",1.09967196334703,2.35726513523681,0.00499999999999901
"1",0.678244212167043,2.30790863539754,0.00499999999999901
"1",0.874677714639986,1.94522565509233,0.00500000000000256
"1",1.03935039325519,1.97413207374486,0.00499999999999901
"1",0.960118945437056,2.23874014251323,0.00400000000000134
"1",0.535726413565712,3.88738556255703,0.00499999999999901
"1",1.47952523674121,3.78820009265071,0.00400000000000134
"1",0.965707869457892,2.06313880889885,0.00399999999999778
"1",0.747310854587018,2.75036753406818,0.00500000000000256
"1",1.60897366611257,2.81856269769157,0.00499999999999901
"1",0.7894027549767,1.98368563154115,0.00500000000000256
"1",0.828749280976731,2.13471802433491,0.00600000000000023
"1",0.985386837504365,2.22345444968627,0.00799999999999912
"1",1.35451111628441,2.47170667669916,0.00499999999999901
"1",1.36990543983314,2.42171545834878,0.00499999999999901
"1",1.15832446526388,2.16428245019054,0.00500000000000256
"1",1.29130464209743,2.42424395927236,0.00500000000000256
"1",1.17539362974271,2.5676100181578,0.00900000000000034
"1",1.19310657248907,2.7734250234252,0.00400000000000134
"1",0.868896645707901,2.71764439144902,0.00400000000000134
"1",1.07029938039517,2.39584465577828,0.00499999999999901
"1",0.466688977554644,1.67571735044597,0.00499999999999901
"1",0.935390287854649,2.18776151242437,0.00499999999999901
"1",0.993360970501481,1.86889947166212,0.00499999999999901
"1",0.88422290399245,3.03008641484781,0.00500000000000256
"1",1.3503193057592,2.46234141752777,0.00499999999999901
"1",1.11916515613441,2.06770689253106,0.00499999999999901
"1",0.89997079883572,2.30580323504472,0.00499999999999901
"1",0.460779074133686,1.85430882836936,0.00499999999999901
"1",0.655643029591408,1.58925272925465,0.00499999999999901
"1",0.840590343695924,1.86010762774762,0.00500000000000256
"1",0.671412580084955,1.98381671164432,0.00499999999999901
"1",1.26153406006513,3.31043472818091,0.00499999999999901
"1",0.982427711570172,2.10525811897305,0.00499999999999901
"1",0.369970204828271,4.296898212172,0.00499999999999901
"1",0.549069443898462,1.42173540370476,0.00500000000000256
"1",0.962936946536759,2.77147895161716,0.00499999999999901
"1",1.3150503133266,2.73048301523737,0.00499999999999901
"1",0.467809039862646,1.70868163610282,0.00600000000000023
"1",1.12742596326131,2.22878673231149,0.00499999999999901
"1",1.54234483941868,2.59403861877772,0.00499999999999901
"1",1.19003845191879,2.63308044538332,0.00499999999999901
"1",0.918568482648008,2.36466055142623,0.00499999999999901
"1",0.947115157739003,2.00150338280151,0.00499999999999901
"1",0.967060307292474,2.40305880949651,0.00399999999999778
"1",1.27325649216245,2.57462872950494,0.00399999999999778
"1",1.01164160382236,2.07920507432339,0.00499999999999901
"1",0.960124917604776,2.19994182838404,0.00399999999999778
"1",1.25461161782631,2.85600781898497,0.00499999999999901
"1",1.15075251039012,2.36431326758475,0.00700000000000145
"1",0.383297724369939,2.48799833850841,0.00499999999999901
"1",0.919770189841338,2.03735462806742,0.00499999999999901
"1",1.37032582607357,2.52772632768434,0.00499999999999901
"1",0.989582185863904,2.10437605306821,0.00600000000000023
"1",0.97971435005465,2.34711081032255,0.0069999999999979
"1",1.16910521895222,2.61566625955787,0.00499999999999901
"1",0.55078261348199,2.58219375375332,0.00499999999999901
"1",1.39567078087923,2.51187245630465,0.00500000000000256
"1",0.678472271744616,2.8396896481084,0.00499999999999901
"1",0.54873801594289,1.64134829854758,0.00499999999999901
"1",0.686694635733079,3.29907774098443,0.00400000000000134
"1",1.04458029137833,2.28916018794123,0.00499999999999901
"1",1.3094916234625,2.99951610710988,0.00499999999999901
"1",1.51609722564938,2.95884640992196,0.00500000000000256
"1",1.5347214496082,3.08039776234272,0.00499999999999901
"1",0.345245579779206,2.70727169258177,0.00500000000000256
"1",1.09997740416879,2.08961960236729,0.00500000000000256
"1",0.971904039185806,2.78352121629628,0.00499999999999901
"1",1.03666616477192,2.34902243733979,0.00499999999999901
"1",0.722672973302864,2.54597429875471,0.00499999999999901
"1",1.20716320163776,2.381367739449,0.00499999999999901
"1",1.11104136336929,2.33797029592472,0.00600000000000023
"1",0.976876212060424,3.00075907621804,0.00499999999999901
"1",0.989685343961558,2.23436077862925,0.00499999999999901
"1",1.09321719560566,2.23329602993523,0.00499999999999901
"1",0.880314197026528,1.98479261719576,0.00499999999999901
"1",1.00468615404782,2.15144752438834,0.00499999999999901
"1",1.04035656485006,1.91236398214859,0.00499999999999901
"1",0.973754323871671,2.42035358476333,0.00600000000000023
"1",1.50106224100718,2.74197419193077,0.00499999999999901
"1",0.865459261259053,2.07718721963696,0.00400000000000134
"1",1.39156551156412,2.65637610912861,0.00499999999999901
"1",0.959601034591596,1.94764264370545,0.00500000000000256
"1",1.52334978264893,2.55611461049564,0.00499999999999901
"1",0.947856140602056,2.25670112453533,0.00399999999999778
"1",0.969212319144266,1.97855451457987,0.00500000000000256
"1",0.875335244271054,1.85537557262605,0.00499999999999901
"1",0.893406181400243,1.92926336523751,0.00500000000000256
"1",1.18438371959301,2.69672930935678,0.00499999999999901
"1",0.863293435915879,2.01062570092464,0.00499999999999901
"1",1.02951916940207,1.91556270639587,0.00600000000000023
"1",0.9256573127301,2.03132037483827,0.00500000000000256
"1",0.621437926446494,3.77618284398792,0.00500000000000256
"1",1.08983744302857,2.30866985120113,0.00399999999999778
"1",1.02535330171222,2.53344812554534,0.00499999999999901
"1",1.45909140624726,2.56364805442967,0.00499999999999901
"1",1.28673878502874,2.16291757708199,0.00499999999999901
"1",0.934623618681092,2.44793363157996,0.00399999999999778
"1",0.688216869631093,1.79226443644908,0.00500000000000256
"1",0.634916728165832,1.48393717138431,0.00399999999999778
"1",0.954673380238843,1.77363082478551,0.00399999999999778
"1",1.32736369240017,2.53839780483149,0.0069999999999979
"1",1.21203646839651,2.65442936475346,0.00400000000000134
"1",0.965773730907471,2.04276806785255,0.0069999999999979
"1",1.4454900563069,2.72276061778831,0.00499999999999901
"1",1.07180567673885,1.99593201133069,0.00499999999999901
"1",0.694677159099144,1.76260766817232,0.00399999999999778
"1",1.69270934497925,3.0128138765956,0.00499999999999901
"1",1.35508700324486,2.89878096827508,0.00399999999999778
"1",0.982570115647341,2.48935028291972,0.00499999999999901
"1",1.21454683023012,2.55976253466165,0.00400000000000134
"1",0.606074871131395,2.77851213848622,0.00499999999999901
"1",1.18129645298658,2.58979474714869,0.00499999999999901
"1",1.19148558007753,2.40130010752349,0.00499999999999901
"1",0.552549544336814,1.49551193763999,0.00500000000000256
"1",1.2066392604002,2.29000239142167,0.00500000000000256
"1",1.35530780928734,3.77936273851245,0.00600000000000023
"1",1.00651496074616,2.17156669312117,0.00600000000000023
"1",1.16699773640525,2.41791596512045,0.00400000000000134
"1",1.22927289272099,2.59405991833409,0.00499999999999901
"1",0.834841505261571,1.66586183381859,0.00399999999999778
"1",0.544228852284162,1.64948871138153,0.00499999999999901
"1",1.17968676712451,2.52514306659751,0.00500000000000256
"1",1.11301455812993,1.79743459235831,0.00500000000000256
"1",0.926232545924277,1.94231493748451,0.00600000000000023
"1",1.13619285223412,2.20368650529969,0.00500000000000256
"1",1.17241118631455,2.44644166301485,0.00500000000000256
"1",1.61059026622696,3.33691968870041,0.00500000000000256
"1",1.08300575160788,2.07438946363835,0.00500000000000256
"1",0.731816061748057,1.84001610098031,0.00499999999999901
"1",1.28748425956077,2.923620771783,0.00499999999999901
"1",0.617568088299641,2.60222278822946,0.00499999999999901
"1",1.43061189836926,2.4831463008243,0.00500000000000256
"1",1.26064700671565,2.29040045209815,0.00499999999999901
"1",0.817335788519597,2.10916334407894,0.00500000000000256
"1",0.48793759788382,2.47566762649595,0.00500000000000256
"1",0.983234704403724,2.50660160796916,0.00500000000000256
"1",1.26161095229018,2.57393605830785,0.00499999999999901
"1",1.35252799499757,2.1711096119292,0.00400000000000134
"1",1.1672247287438,2.19530076034106,0.00500000000000256
"1",0.931588160139802,2.44510622824421,0.00500000000000256
"1",0.934418583618103,2.4890305171044,0.00499999999999901
"1",1.00153876398046,1.9550110178036,0.00400000000000134
"1",1.15798633396546,2.54399066461363,0.00400000000000134
"1",0.849016909772487,2.06553448682244,0.00400000000000134
"1",0.720874958884699,1.75108792520719,0.00499999999999901
"1",0.769757799217742,2.01913576730845,0.00500000000000256
"1",1.202115914637,2.37722211496456,0.00399999999999778
"1",1.36270765369573,3.1335425395217,0.00500000000000256
"1",1.03263860060548,2.17544732155357,0.00500000000000256
"1",1.17603851480303,2.26922747322718,0.00499999999999901
"1",0.850369888479127,1.90325177450779,0.00499999999999901
"1",1.32557216863094,2.50234268440619,0.00499999999999901
"1",1.14338129075416,4.30882860535987,0.00499999999999901
"1",1.30758380031321,2.70929509192019,0.00500000000000256
"1",1.09456676004294,2.30299761437866,0.00499999999999901
"1",1.30734898022746,2.40846341769241,0.00499999999999901
"1",1.25496885685511,2.1219056608496,0.00399999999999778
"1",1.41729001412906,3.05515957244067,0.00499999999999901
"1",1.15695282128927,2.05777222622648,0.00499999999999901
"1",1.2583864905137,2.7590336407866,0.00399999999999778
"1",1.01527450623703,2.37944465133139,0.00500000000000256
"1",0.614594229680993,1.91211442785038,0.00499999999999901
"1",1.23245956249568,2.4939299556115,0.00399999999999778
